,Cumulative Return,AR (%),AV (%),SR,MDD (%),MSE,MAE,IC,ICIR
Trend Following,4355314345829398.0,3908.98,345.63,11.3,46.38,,,,
Event-Driven Trading,31941707707891.58,3329.02,330.82,10.06,273.26,,,,
Evaluation Metrics,,,,,,21358717.021898426,3553.6363238055,0.6208838395963282,2.059831111329675
