,Cumulative Return,AR (%),AV (%),SR,MDD (%),MSE,MAE,IC,ICIR
Trend Following,437574921923978.25,3710.83,351.56,10.55,89.55,,,,
Event-Driven Trading,156827040571338.75,3599.32,344.1,10.45,273.26,,,,
Evaluation Metrics,,,,,,14372745.813722694,2982.81074634318,0.6619867894385347,2.201654683959953
