,Cumulative Return,AR (%),AV (%),SR,MDD (%),MSE,MAE,IC,ICIR
Trend Following,9.876765892914771e+16,4223.88,335.32,12.59,52.72,,,,
Event-Driven Trading,140939553246092.53,3591.01,344.97,10.4,273.26,,,,
Evaluation Metrics,,,,,,13305253.372707825,2824.0860785683844,0.6579273735579253,2.138734122768823
